File,Drift (seconds per hour)
Sleep,835.1989977612028
Sleep Base,719.99712001152
Task Delay,835.2048107797101
Task Delay Base,720.0043200259202
Timer,720.0043200259202
