Type,Current,Min,Max,Mean,StdDev,Wave count
T,231.9964 ms,231.9964 ms,232.0056 ms,231.9964 ms,4.416 us,57
f,4.31035 Hz,4.31032 Hz,4.31036 Hz,4.31032 Hz,14.742 uHz,57
Dty+,50.00 %,50.00 %,50.00 %,50.00 %,0.00 %,57
PW+,115.9936 ms,115.9936 ms,116.0028 ms,116.0028 ms,3.496 us,57
